codigo,descripcion,CodigoBarras
1000000,STÖLZLE LAUSITZ COPAS DE CRISTAL WEINLAND GIN TONIC 650 ML.,4012632106827
1001,ODFJELL ARMADOR CABERNET SAUVIGNON 750 ML.,7809573900013
1002,ODFJELL ALIARA 750ML.,7809573900020
1003,ODFJELL ORZADA CABERNET SAUVIGNON 750 ML.,7809573900099
1005,ODFJELL ARMADOR SYRAH 750 ML.,7809573900143
1006,ODFJELL ARMADOR CARMENERE 750 ML.,7809573900051
1008,ODFJELL ORZADA CARMENERE 750 ML.,7809573900082
1009,ODFJELL ORZADA MALBEC 750 ML.,7809573900228
1011,ODFJELL ORZADA CARIGNAN 750 ML.,7809573900075
1017,CAPITULO 750ML - ODFJELL,7809573900716
1018,ARMADOR SAUVIGNON BLANC 750ML - ODFJELL,7809573900334
1300,FINCA RESALSO 750ML - EMILIO MORO,8436557310835
1301,EMILIO MORO 750ML - EMILIO MORO,8436557310866
1303,MALLEOLUS 750ML - EMILIO MORO,8436557310927
1304,MALLEOLUS DE SANCHOMARTIN 750ML - EMILIO MORO,8436557310224
1305,MALLEOLUS DE VALDERRAMIRO 750ML - EMILIO MORO,8436557311016
1306,CEPA 21  750ML - EMILIO MORO,8437005548138
1403,APERITIVO SELECT 700ML,80044048
1500,CHAMPAGNE LOUIS ROEDERER 750ML,3114080400050
1502,DOMAINES OTT (ROSADO) 750ML,3383690002385
1507,LOUIS ROEDERER CRISTAL ROSE 750 ML- LOUIS ROEDERER,3114080047057
15078,PITUCA CHIPS ORIGINAL 160GR,763331024922
1510,DUAS QUINTAS TINTO 750ML - RAMOS PINTO,5601332008624
1800,CARACTER CABERNET SAUVIGNON MALBEC 750ML - SANTA ANA,7790762050049
1801,CARACTER CHENIN CHARDONNAY 750ML - SANTA ANA,7790762051923
1802,CABERNET SAUVIGNON  750ML - SANTA ANA,7790762001287
1803,MALBEC 750ML - SANTA ANA,7790762001348
1804,TORRONTES 750ML - SANTA ANA,7790762000709
1805,CHARDONNAY 750ML - SANTA ANA,7790762000693
1806,SAUVIGNON BLANC 750ML - SANTA ANA,7790762076773
1808,DEMI SEC (ESPUMANTE) 750ML - SANTA ANA,7790762076520
1809,ECO MALBEC 750ML - SANTA ANA,7790762050551
1810,ECO TORRONTES 750ML - SANTA ANA,7790762050575
1812,SAUVIGNON BLANC  187ML - SANTA ANA,7790762076933
1813,RESERVA MALBEC 750ML - SANTA ANA,7790762008453
1814,RESERVA CABERNET SAUVIGNON 750ML - SANTA ANA,7790762000952
2000,RAVENTOS I BLANC BLANC DE BLANCS 750 ML.,8421478750150
20000,BENCHMARK No. 8  750 ML - BOURBON,88004020842
20003,PEYCHAUD BITTERS 10 ONZ,88004190170
2001,RAVENTOS I BLANC ROSE DE NIT 750 ML.,8421478770158
2002,RAVENTOS I BLANC DE LA FINCA 750 ML.,8421478701008
2006,RAVENTOS I BLANC SILENCIS 750ML.,8414786002578
2008,RAVENTOS I BLANC MANUEL RAVENTOS 750ML.,8421478702203
2010,ISABEL NEGRA CAB. SAUV. MONASTRELL 750ML - RAVENTOS i BLANC,8421478610454
2011,TEXTURE DE PEDRA BLANC DE NEGRES-RAVENTOS i BLANC 750 ML,8421478705105
2100,PULENTA LA FLOR MALBEC 750 ML.,7798108253512
2101,PULENTA LA FLOR ROSE MALBEC 750 ML.,7798108253604
2102,PULENTA LA FLOR SAUVIGNON BLANC 750 ML.,7798108253574
2103,PULENTA ESTATE CHARDONNAY VIII 750 ML.,7798108253772
2104,PULENTA ESTATE MALBEC I 750 ML.,7798108253246
2105,PULENTA LA FLOR BLEND 750 ML,7798108253154
2106,PULENTA ESTATE PINOT NOIR IX 750 ML.,7798108253307
2107,PULENTA ESTATE GRAN CORTE VII 750 ML.,7798108252515
2108,PULENTA ESTATE GRAN CABERNET FRANC XI 750 ML.,7798108253314
2109,PULENTA ESTATE GRAN MALBEC X 750 ML.,7798108253413
2112,LA FLOR CABERNET SAUVIGNON 750ML - PULENTA,7798108253529
2114,PULENTA ESTATE CABERNET SAUVIGNON 750ML,7798108253741
2115,PULENTA ESTATE MERLOT 750ML,7798108252485
2116,FINCA LA ZULEMA MALBEC,7798108254403
212,ROSE SEMI SECO 750ML - TACAMA,7750359000369
213,BLANCO SEMI SECO 750ML - TACAMA,7750359000376
214,TINTO SEMI SECO 750ML - TACAMA,7750359000383
216,GRAN BLANCO 750ML - TACAMA,7750359100069
217,GRAN TINTO 750ML - TACAMA,7750359100076
219,GRAN TINTO 375ML - TACAMA,7750359000093
220,GRAN BLANCO 375ML - TACAMA,7750359000208
221,BLANCO DE BLANCOS 750ML - TACAMA,7750359164122
222,SELECCION ESPECIAL TANNAT / PETIT VERDOT 750ML - TACAMA,7750359164115
223,SELECCION ESPECIAL PETIT VERDOT 750ML - TACAMA,7750359000253
224,SELECCION ESPECIAL MALBEC 750ML - TACAMA,7750359000314
225,SELECCION ESPECIAL CARMENERE 750ML - TACAMA,7750359000338
226,SELECCION ESPECIAL ALICANTE BOUSCHET 750ML -TACAMA,7750359000321
227,SELECCION ESPECIAL TANNAT / PETIT VERDOT 375ML - TACAMA,7750359000109
228,BLANCO DE BLANCOS 375ML - TACAMA,7750359000222
230,DON MANUEL TANNAT 750ML - TACAMA,7750359115575
231,DON MANUEL PETIT VERDOT 750ML - TACAMA,7750359000352
232,DOÑA ANA CHARDONNAY 750ML - TACAMA,7750359000260
233,ESPUMANTE ROSA SALVAJE 750ML - TACAMA,7750359000772
234,ESPUMANTE TACAMA BRUT 750ML - TACAMA,7750359200509
236,AMORE DE ICA 750ML - TACAMA,7750359000048
237,ALBILLA DE ICA 750ML - TACAMA,7750359000055
238,DEMONIO DE LOS ANDES ALBILLA 700ML - TACAMA,7750359000079
239,DEMONIO DE LOS ANDES ACHOLADO 700ML - TACAMA,7750359000062
240,DEMONIO DE LOS ANDES QUEBRANTA 700ML - TACAMA,7750359000086
241,GRAN DEMONIO DE LOS ANDES MOSTO VERDE ACHOLAD 500ML - TACAMA,7750359000437
242,GRAN DEMONIO DE LOS ANDES MOSTO VERDE QUEBRANTA 500ML - TACA,7750359000475
244,GRAN DEMONIO DE LOS ANDES MOSTO VERDE MOSCATEL 500ML - TACAM,7750359000468
247,GRAN DEMONIO DE LOS ANDES MOSTO VERDE ALBILLA 500ML - TACAMA,7750359000444
249,DEMONIO DE LOS ANDES ITALIA 700ML - TACAMA,7750359000659
250,BLANCO DE BLANCOS SAUVIGNON BLANC 750 ML TACAMA,7750359000642
2500,PISCO ACHOLADO 500 ML - TRES GENERACIONES,7750674000037
2501,PISCO ALBILLA 500 ML - TRES GENERACIONES,7750674000082
2502,PISCO ITALIA 500 ML - TRES GENERACIONES,7750674000075
2503,PISCO MOLLAR 500 ML - TRES GENERACIONES,7750674000136
2504,PISCO MOSTO VERDE QUEBRANTA 500 ML - TRES GENERACIONES,7750674000020
2505,PISCO MOSTO VERDE TORONTEL 500 ML - TRES GENERACIONES,7750674000143
2506,PISCO QUEBRANTA 500 ML - TRES GENERACIONES,7750674000044
2507,PISCO TORONTEL 500 ML - TRES GENERACIONES,7750674000129
2518,PISCO MOSTO VERDE ACHOLADO 500 ML - TRES GENERACIONES,7750674000235
2521,CREMA DE PISCO CON LUCUMA 500ML TRES GENERACIONES,7750674000259
2522,CREMA DE PISCO CON CHIRIMOYA 500ML - TRES GENERACIONES,7750674000273
253,DEMONIO DE LOS ANDES 2 LITROS - TACAMA,7750359000789
254,DOÑA ANA SAUVIGNON BLANC 750 ML TACAMA,7750359000802
257,VINO O 750 ML TACAMA,7750359000840
258,VINO AMBROSIA - ROSE SECO 750ML TACAMA,7750359000833
26001,GIN NORDES 700ML,8435449500002
26002,GIN NORDES 50 ML,8435449500026
2700,PROSECCO ZONIN 750 ML.,8002235004091
2701,ASTI ZONIN 750 ML.,8002235795258
2702,PROSECCO ZONIN MAGNUM 1500 ML.,8002235005449
2703,PROSECCO ZONIN 200 ML.,8002235835527
2704,ZONIN VENTITERRE SOAVE 750 ML.,8002235662055
2705,ZONIN VENTITERRE PINOT GRIGIO 750 ML.,8002235020312
2706,ZONIN VENTITERRE CHIANTI 750 ML.,8002235022323
2708,ZONIN PROSECCO ROSE 750 ML.,8002235039918
2709,CHIANTI CLASSICO CASTELLO 750ML,8002235007337
2713,MASSERIA ALTEMURA SASSEO (100% PRIMITIVO) IGT  750 ML ZONIN,8002235001014
2714,MASSERIA ALTEMURA PRIMITIVO DI MANDURIA 750 ML ZONIN,8002235003223
2719,ZONIN VENTITERRE MERLOT 750 ML.,8002235473552
2721,ZONIN VENTITERRE CABERNET 750 ML.,8002235395953
2722,ZONIN VENTITERRE MERLOT NERO D´AVOLA 750 ML.,8002235024358
2723,ZONIN VENTITERRE VALPOLICELLA 750 ML.,8002235692052
2724,ZONIN VENTITERRE PRIMITIVO SALENTO 750 ML.,8002235016117
2725,ZONIN VENTITERRE CHARDONNAY 750 ML.,8002235022811
2726,ZONIN VENTITERRE MOSCATO 750 ML.,8002235003353
28001,ALBARIÑO PAZO SEÑORANS 750 ML.,8437003160004
28002,ALBARIÑO PAZO SEÑORANS MAGNUM 1500 ML,8437003160141
28003,ALBARIÑO PAZO SEÑORIANS 500 ML.,8437003160127
28004,ALBARIÑO SELECCION AÑADA PAZO SEÑORANS 750 ML,8437003160042
2900,POEMA BRUT 750 ML.,8426998263753
2901,POEMA BRUT ROSE 750 ML.,8426998272755
2903,TRESOR RESERVA BRUT 200ML - PERE VENTURA,8426998200208
3100,GLORIOSO CRIANZA 750 ML.,8410351123006
31000,ESTRELLA DAMM 330 ML. BOTELLA,8410793282934
31001,INEDIT DAMM 330 ML.,8410793331939
31003,SIX PACK ESTRELLA DAMM BOTELLA 330 ML,8410793283832
31005,ESTRELLA DAMM 330 ML. LATA,8410793286130
31006,SIX PACK DAURA DAMM 330 ML,8410793263834
31008,SIX PACK FREE DAMM 250 ML,8410793063847
31009,DAURA DAMM 330 ML,8410793262936
3101,GLORIOSO RESERVA 750ML.,8410351133005
31010,SIX PACK ESTRELLA DAMM LATA 330 ML,7755879000141
31011,SIX PACK INEDIT DAMM 330ML,8410793333834
31012,VOLL DAMM DOBLE MALTA 330 ML.,8410793032935
31013,SIX PACK VOLL DAMM DOBLE MALTA 330 ML,8410793033833
31014,INEDIT DAMM FOUR PACK 330ML,8410793332837
31015,DAMM LIMON CLARA MEDITERRANEA 250 ML.,8410793151940
31016,SIX PACK ESTRELLA DAMM LEMON 250ML,8410793153845
31017,ESTRELLA DAMM BOTELLA 250ML,8410793021946
31018,SIX PACK ESTRELLA DAMM 250ML,8410793021649
31019,VOLL DAMM DOBLE MALTA 250 ML.,8410793031945
3102,GLORIOSO GRAN RESERVA 750 ML.,8410351143004
31020,ESTRELLA DAMM 500 ML. LATA,8410793286123
31021,VICTORIA MALAGA 330 ML.,8410793221933
31025,FREE DAMM 330 ML. LATA,8410793066138
320,AMAYNA PINOT NOIR 750ML.,7804605830245
3203,GLENFARCLAS MALT WHISKY 40 AÑOS,5018066094067
321,AMAYNA SAUVIGNON BLANC 750ML.,7804605830269
322,AMAYNA CHARDONNAY 750ML.,7804605830252
323,BOYA PINOT NOIR 750 ML.,7804605830306
324,BOYA SAUVIGNON BLANC 750 ML.,7804605830290
325,BOYA ROSE 750 ML.,7804605830337
326,BOYA CABERNET FRANC 750 ML.,7804605830351
3301,WILLIAMS CHASE EXTRA DRY GIN 700ML,5060183131019
3700,MEZCAL JOVEN LOS DANZANTES 750 ML,7503002311462
3701,MEZCAL REPOSADO LOS DANZANTES 750 ML.,7503002311479
3702,MEZCAL ALIPUS SAN LUIS 750 ML.,7503002311486
3800,CLOS DE LOS SIETE,7798104410414
38002,SCHOFFERHOFER SIN FILTRAR 500 ML,4053400001838
38003,SCHÖFFERHOFER TORONJA BOTELLA 330 ML.,4053400278957
38004,SCHÖFFERHOFER SIN FILTRAR BOTELLA 330 ML.,42572062000
38006,SIX PACK SCHOFFERHOFER TORONJA 330 ML,4053400078953
38007,SIX PACK SCHOFFERHOFER SIN FILTRAR 330 ML,4053400073040
38008, SCHÖFFERHOFER SIN FILTRAR LATA 500 ML.,4053400277691
38011,CERVEZA CLAUSTHALER LEMON SIN ALCOHOL 330ML,4053400268545
38012,CERVEZA CLAUSTHALER ORIGINAL SIN ALCOHOL  330ML,4053400279589
38013,CERVEZA CLAUSTHALER GRAPEFRUIT SIN ALCOHOL 330ML,042572058010
38014,DAB EXPORT ORIGINAL VIDRIO 330ML,4001982283487
38015,DAB EXPORT ORIGINAL LATA 330ML,4001982097923
38016,DAB EXPORT ORIGINAL 500 ML LATA,4001982097763
38017,DAB DARK 500ML LATA,4053400277936
38018,DAB MAIBOCK 500 ML LATA,4053400277707
38019,DAB RADLER 500 ML LATA,4053400204406
3900,BROCKMANS PREMIUM GIN 1 LITRO.,5033931603694
3903,BROCKMANS PREMIUM GIN 700 ML.,5010296169164
4001,RON PLANTATION ORIGINAL DARK 750ML,695521151456
4002,PLANTATION GRAN RESERVA 750ML.,695521151135
4003,PLANTATION 20 ANNIVERSARY XO (BARBADOS) 750 ML.,695521151203
4004,CITADELLE GIN 750 ML.,695521103011
4005,GIN CITADELLE 50 ML.,695521103004
4009,PLANTATION TRINIDAD 700 ML.,3460410531124
4010,PLANTATION BARBADOS 700 ML.,695521126607
4011,PLANTATION JAMAICA 700 ML.,3460410530233
4012,PLANTATION PANAMA 700 ML.,3460410529893
4014,PLANTATION NICARAGUA 700 ML.,3460410530370
4016,PLANTATION 3 STARS 700 ML.,695521151661
4017,PLANTATION 3 STARS 50 ML.,695521151630
4019,PLANTATION OFTD OVERPROOF 69% 1 LITRO.,695521152187
4022,VODKA ORGANICO ARTESANAL FROGGY B PIERRE FERRAND,695521150022
4023,DRY CURACAO 750 ML PIERRE,695521151449
4030,CITADELLE GIN JARDIN D’ETE 750 ML.,695521152989
4037,MAGNIFIQUE VODKA 750ML,3460410531230
4039,PLANTERAY ORIGINAL DARK 1 LITRO.,695521154822
4040,GIFT PACK GIN CITADELLE 750 ML + COPA,695521152682
4041,GIFT PACK RON PLANTERAY 20 ANNIVERSARY XO + 2 COPAS,695521151371
4200,RAYMOND R COLLECTION CHARDONNAY 750ML,087712201321
4202,RAYMOND R COLLECTION CABERNET SAUVIGNON 750ML,087447649320
4300,CHATEAU HAUT PEYRUGUET BORDEAUX MERLOT/CAB. SAUV  750 ML,873964000122
4301,CHATEAU HAUT PEYRUGUET SAUVIGNON SEMILLON 750ML,873964000115
4400,MIROS DE RIBERA TEMPRANILLO 750ML,8437003818028
4401,BARON DE FILAR JOVEN 750 ML.,8437003818318
4402,SILENCIO DE MIROS 750ML CON ESTUCHE DE MADERA,8437003818745
4403,BARON DE FILAR RESERVA 750 ML.,8437003818530
4404,MIROS DE RIBERA ROBLE,8437003818950
4405,MIROS DE RIBERA CRIANZA,8437003818707
4406,BARON DE FILAR RUEDA VERDEJO 750 ML.,8437003818516
4407,BARON DE FILAR ROBLE 750 ML.,8437003818301
4409,MIROS DE RIBERA RESERVA,8437003818967
4411,LA CASA DE LAS LOCAS GODELLO,8437003818271
4412,LA CASA DE LAS LOCAS ALBARIÑO D.O. RIAS BAIXAS,8437003818288
4413,LA CASA DE LAS LOCAS RIBEIRO,8437003818264
4500,GIN DAFFYS 700ML,96116630
4600,A D’AUSSIÈRES ROTHSCHILD LAFITE 750 ML.,3662386812119
4601,BLASON D’AUSSIÈRES ROTHSCHILD LAFITE 750 ML.,3760131259018
4602,CHÂTEAU D’AUSSIÈRES ROTHSCHILD LAFITE 750 ML.,3760131251913
4700,PUJANZA HADO 750 ML.,8437002774349
4701,PUJANZA VALDEPOLEO 750 ML.,8437002774370
4800,VI-VE MACERACION CARBONICA 750ML - VALDELANA,8437001139781
4802,FAMILIA VALDELANA CRIANZA 750ML,8437001139019
4803,FAMILIA VALDELANA RESERVA 750ML,8437001139026
4902,LA VAL ALBARIÑO FERMENTADO EN BARRICA 750ML,8423253302202
500,MUGA RESERVA 750 ML.,8414542100104
5000,MESONEROS DE CASTILLA TINTO 750ML,8437006255011
5001,MESONEROS DE CASTILLA TINTO ROBLE 750ML,8437006255028
5002,VALSOTILLO FINCA BUENAVISTA TINTO 750 ML,8437006255141
5003,VALSOTILLO CRIANZA 750 ML,8437006255035
5004,VALSOTILLO RESERVA 750 ML.,8437006255059
502,MUGA RESERVA 375ML - MUGA,8414542110103
503,MUGA PRADO ENEA GRAN RESERVA 750 ML.,8414542020051
504,MUGA BLANCO 750 ML.,8414542040134
505,TORRE MUGA 750ML - MUGA,8414542125107
506,MUGA ARO 750 ML. (2021)- 100 PUNTOS.,38414542115109
507,MUGA ROSADO 750 ML.,8414542050133
508,MUGA RESERVA SELECCION ESPECIAL 750 ML.,8414542150093
5100,MANOS NEGRAS TORRONTES 750 ML.,852282002377
5101,MANOS NEGRAS PINOT NOIR 750 ML.,852282002360
5102,MANOS NEGRAS MALBEC 750 ML.,852282002711
5103,MANOS NEGRAS MALBEC STONE SOIL SELECT 750 ML.,852282002926
5104,MANOS NEGRAS PINOT NOIR RED SOIL SELECT 750 ML.,852282002933
5105,ARTESANO MALBEC 750 ML MANOS NEGRAS,7798185960488
5106,ARTESANO PINOT NOIR 750 ML MANOS NEGRAS,7798185960501
514,FLOR DE MUGA ROSE - MUGA,8414542055169
515,MUGA CRIANZA ANDEN DE LA ESTACION 750ML.,8414542135168
5200,DUCKHORN MERLOT NAPA VALLEY  750ML,669576019283
5201,DUCKHORN MERLOT THREE PALMS 750ML,669576018521
5202,DECOY CABERNET SAUVIGNON CALIFORNIA 750ML,669576019269
5203,DECOY MERLOT SONOMA COUNTY 750ML,669576019252
5300,LOS VASCOS ROTHSCHILD LAFITE CABERNET SAUVIGNON 750 ML.,7804360111009
5301,LOS VASCOS ROTHSCHILD LAFITE SAUVIGNON BLANC 750 ML.,7804360000402
5302,LOS VASCOS ROTHSCHILD LAFITE CHARDONNAY 750 ML.,7804360311003
5304,LOS VASCOS ROTHSCHILD LAFITE LE DIX 750 ML.,7804360000754
5305,LOS VASCOS ROTHSCHILD LAFITE CROMAS CABERNET SAUVIGNON GRAN RESERVA 750 ML.,7804360000471
5401,FEVER-TREE PREMIUM INDIAN TONIC WATER 200 ML.,5060108450003
5402,FEVER-TREE NATURALLY LIGHT INDIAN TONIC WATER 200 ML.,5060108450225
5403,FEVER-TREE MEDITERRANEAN TONIC WATER 200 ML.,5060108450508
5404,FEVER-TREE ELDERFLOWER TONIC WATER 200 ML.,5060108450843
5405,FEVER-TREE GINGER ALE 200 ML.,5060108450089
5406,FEVER-TREE GINGER BEER 200 ML.,5060108450348
5412,FEVER-TREE AROMATIC TONIC REFRESHINGLY LIGHT 200 ML.,5060108451116
5415,FOUR PACK PREMIUM INDIAN TONIC WATER 200ML - FEVER TREE,5060108450010
5416,FOUR PACK GINGER ALE 200ML - FEVER TREE,5060108450096
5417,FOUR PACK MEDITERRANEAN TONIC WATER 200 ML - FEVER TREE,5060108450515
5418,FOUR PACK GINGER BEER 200 ML - FEVER TREE,5060108450355
5419,FOUR PACK REFRESHINGLY LIGHT INDIAN TONIC WATER 200 ML - FEVER TREE,5060108450232
5421,EIGHT PACK (LATA) PREMIUM INDIAN TONIC WATER X 150 ML,5060108450959
5426,FEVER-TREE PINK GRAPEFRUIT SODA 200 ML.,5060108453196
5501,LA RIOJA ALTA VIÑA ARDANZA RESERVA 750ML,8413529821087
5503,LAGAR DE CERVERA 750ML,8413529901048
5600,7 COLORES CARMENERE 750 ML.,7804651562138
5601,7 COLORES CABERNET SAUVIGNON 750 ML.,7804651562008
5602,7 COLORES MERLOT 750 ML.,7804651562121
5603,7 COLORES SAUVIGNON BLANC 750 ML.,7804651562145
5604,7 COLORES CARMENERE 375 ML.,7804449014641
5605,7 COLORES CABERNET SAUVIGNON 375 ML.,7804449014658
5606,7 COLORES CARMENERE 187 ML.,7804449014689
5607,7 COLORES CABERNET SAUVIGNON 187 ML.,7804449014696
5608,7 COLORES SAUVIGNON BLANC 187 ML.,7804449014702
5609,7 COLORES RESERVA CABERNET SAUVIGNON / PAIS 750 ML.,7804651561995
5610,7 COLORES RESERVA CARMENERE / CINSAULT 750 ML.,7804651562107
5611,7 COLORES RESERVA SAUVIGNON BLANC / TORONTEL 750 ML.,7804651562114
5613,7 COLORES RESERVA CARMENERE / CINSAULT 375 ML. ,7804449014672
5614,7 COLORES GRAN RESERVA CABERNET SAUVIGNON / MUSCAT 750 ML.,7804651561988
5615,7 COLORES GRAN RESERVA CARMENERE 750 ML.,7804651564118
5616,7 COLORES GRAN RESERVA PINOR NOIR / SEMILLON 750 ML.,7804651562091
5617,MEDITERRANEO GRENACHE 750ML,7804449008367
5618,EL PADRE CABERNET FRANC 750ML,7804449008176
5619,PIONERO RESERVA CABERNET SAUVIGNON 750ML,7804449104014
5700,TAITTINGER CHAMPAGNE BRUT RESERVE 750 ML.,3016570001030
5701,TAITTINGER CHAMPAGNE PRESTIGE ROSE 750 ML.,3016570006844
5702,TAITTINGER CHAMPAGNE NOCTURNE 750 ML.,3016570000668
5800,CHÂTEAU PARADIS CASSEUIL BORDEAUX ROTHSCHILD LAFITE 750 ML.,3296365019109
5900,EL GRINGO DARK RED TEMPRANILLO 750 ML.,8436539765516
5901,RADIO BOKA TEMPRANILLO 750 ML.,5240801760047
5902,RADIO BOKA TEMPRANILLO BAG IN BOX DE 3 LITROS.,8436539761235
5903,RADIO BOKA VERDEJO 750 ML.,8436539760061
600,ACHAVAL FERRER FINCA ALTAMIRA 750 ML.,7798091111042
6000,ALVARO PALACIOS LES TERRASSES 750 ML.,8429073021200
6001,ALVARO PALACIOS FINCA DOFI 750 ML.,8429073021668
6002,ALVARO PALACIOS CAMINS DEL PRIORAT 750 ML.,8429073022016
6003,ALVARO PALACIOS FINCA GRATALLOPS 750 ML.,8429073020326
6004,ALVARO PALACIOS FINCA LA MONTESA 750 ML.,8411580035887
601,ACHAVAL FERRER QUIMERA 750 ML.,7798091111035
602,ACHAVAL FERRER MALBEC 750 ML.,7798091111110
603,ACHAVAL FERRER FINCA MIRADOR 750 ML.,7798091111059
604,ACHAVAL FERRER FINCA BELLAVISTA 750 ML.,7798091111028
6100,TUNANTE DE AZABACHE 750 ML.,8423513005041
6101,AZABACHE MADURADO EN BODEGA 750 ML.,8423513000633
6200,PACO GARCIA CRIANZA 750ML,8437005176027
6201,PACO GARCIA GARNACHA 750ML,8437005176140
6300,ALVI ´S DRIFT 221 PINOTAGE 750 ML.,6009879631449
6301,ALVI´S DRIFT 221 CHENIN BLANC 750 ML.,6009879631272
6302,ALVI´S DRIFT VERREAUX PINOTAGE 750 ML.,6009879631265
6400,RESERVA DEL CAMINO MALBEC 750ML.,7790036668017
6500,PEÑASCAL ROSADO 750ML,8410849000178
6501,PEÑASCAL BLANCO 750ML,8410849000185
6502,PEÑASCAL TINTO 750ML,8410849600002
6600,LOBO NEGRO VIURA SAUVIGNON BLANC 750ML,8427894027883
6601,LOBO NEGRO TEMPRANILLO CABERNET SAUVIGNON 750ML,8427894027876
6700,WINES N´ ROSES HIGHWAY TO HELL 750 ML.,8413513002362
6701,WINES N´ ROSES SYMPATHY FOR THE DEVIL BLANCO 750 ML.,8413513002355
6702,WINES N´ ROSES BORN TO BE WILD 750 ML.,8413513002379
6703,WINES N´ ROSES THE FINAL COUNTDOWN 750 ML.,8413513002393
6704,WINES N´ ROSES LIGHT MY FIRE 750 ML.,8413513002386
6800,AVANT GARDE PINOT NOIR 750ML - DOMAINE CARNEROS,084692484447
6801,ESTATE GROWN PINOT NOIR 750ML- DOMAINE CARNEROS,084692430949
6802,THE FAMOUS GATE PINOT NOIR 750ML- DOMAINE CARNEROS,084692449606
6900,SAURUS PATAGONIA MALBEC 750 ML.,7798116190311
6901,SAURUS PATAGONIA PINOT NOIR 750 ML.,7798116190335
6902,SAURUS SELECT PATAGONIA MALBEC 750 ML.,7798116190014
6903,SAURUS ROSE PINOT NOIR 750 ML.,7798116191615
6904,SAURUS PATAGONIA SAUVIGNON BLANC 750 ML.,7798116190847
6905,SAURUS SELECT PATAGONIA SAUVIGNON BLANC 750 ML.,7798116190052
6906,SAURUS SELECT PATAGONIA PINOT NOIR 750 ML.,7798116190038
6907,SAURUS FERMENTADO EN BARRICA PINOT NOIR 750 ML.,7798116191059
6908,SAURUS FERMENTADO EN BARRICA MALBEC 750 ML.,7798116191042
700,ESCUDO ROJO 750ML - BPR,7804462000089
704,CARMENERE RESERVA 750ML - BPR,7804462000003
705,MAPU CABERNET SAUVIGNON RESERVA 750ML - BPR,7804462000515
706,MAPU CHARDONNAY RESERVA 750ML - BPR,7804462000522
707,MAPU SAUVIGNON BLANC RESERVA 750ML - BPR,7804462000713
708,MAPU MERLOT RESERVA 750ML - BPR,7804462000508
7302,VINO TINTO VARIETAL TINTO MALBEC EL PORVENIR LABORUM DE PARCELA 750ML,7798097232772
7303,VINO TINTO VARIETAL TINTO MALBEC EL PORVENIR NUEVOS SUELOS 750ML,7798097233755
7900,ALTAS CUMBRES VINO TINTO 750 ML,8437005458604
7901,ALTAS CUMBRES VINO BLANCO 750 ML.,8437005458611
7902,ALTAS CUMBRES VINO ROSADO 750 ML.,8437005458628
800,SANTA JULIA MALBEC RESERVA 750 ML.,7791728000566
8001,RESERVA SAUVIGNON BLANC CARMENERE 750 ML OVEJA NEGRA,7804600772236
8002,RESERVA CHARDONNAY VIOGNER 750 ML OVEJA NEGRA,7804600770188
8003,RESERVA CABERNET SAUVIGNON SYRAH 750 ML OVEJA NEGRA,7804600770171
8004,RESERVA CABERNET FRANC CARMENERE 750 ML OVEJA NEGRA,7804600771338
8005,RESERVA SYRAH CARIGNAN ROSE 750 ML OVEJA NEGRA,7804600774551
8006,RESERVA MALBEC PETIT VERDOT 750 ML OVEJA NEGRA,7804600774896
8007,SINGLE VINEYARD CABERNET SAUVIGNON 750 ML. OVEJA NEGRA,7804600773905
8008,SINGLE VINEYARD CARMENERE 750 ML. OVEJA NEGRA,7804600772861
8009,LOST BARREL 750 ML. OVEJA NEGRA,7804600772885
800E,LEOPOLDO MALBEC RESERVA BY ZUCCARDI 750 ML.,7791728243536
801,SANTA JULIA CABERNET SAUVIGNON RESERVA 750 ML.,7791728000535
8010,GRAN RESERVA CARMENERE 750 ML OVEJA NEGRA,7804600778917
8011,GRAN RESERVA CABERNET FRANC CARMENERE 750 ML OVEJA NEGRA,7804600778924
8012,GRAN RESERVA CABERNET SAUVIGNON 750 ML OVEJA NEGRA,7804600778931
801E,SANTA JULIA LA VAQUITA CLARETE NATURAL 750 ML.,7791728245165
802,FUZION CHENIN CHARDONNAY 750 ML.,7791728017366
803,FUZION SYRAH MALBEC 750ML.,7791728018134
803E,JOSE ZUCCARDI MALBEC 1500 ML.,7791728242461
804,ZUCCARDI Q MALBEC 750 ML.,7791728001075
805,SANTA JULIA TARDIO 500 ML.,7791728001686
805E,EPICO CHENIN CHARDONNAY 750ML,7791728245295
806,ZUCCARDI Q TEMPRANILLO 750 ML.,7791728000962
807,ZETA  750ML - ZUCCARDI,7791728018882
808,ZUCCARDI MALAMADO MALBEC VINO FORTIFICADO 750 ML.,7791728002478
808E,SANTA JULIA LA OVEJA TORRONTES NATURAL 750 ML.,7791728240177
809,SANTA JULIA MALBEC 750 ML.,7791728000160
809E,SANTA JULIA EL BURRO MALBEC NATURAL 750 ML.,7791728237290
810,SANTA JULIA VIOGNIER 750 ML.,7791728000320
810E,SANTA JULIA TOMATES VERDES TORRONTES 750 ML.,7791728243628
811,SANTA JULIA MALBEC 375 ML.,7791728001846
811E,SANTA JULIA EL ZORRITO NARANJO CHARDONNAY NATURAL 750 ML.,7791728242959
812,SANTA JULIA TEMPRANILLO 750 ML.,7791728000757
812E,SANTA JULIA ESPUMOSO LA MANTIS CHARDONNAY NATURAL 750 ML.,7791728242935
813,ZUCCARDI Q CABERNET SAUVIGNON 750 ML.,7791728001082
813E,POLIGONOS SEMILLON TUPUNGATO 750ML,7791728237856
814E,POLIGONOS SAUVIGNON BLANC TUPUNGATO 750ML,7791728237832
815,SANTA JULIA CLASSIC CUVEE 750 ML,7791728234398
816,SANTA JULIA ROSE 750 ML.,7791728000337
817,SANTA JULIA CHARDONNAY 750 ML.,7791728000122
818,SANTA JULIA MALBEC 187 ML. ,7791728021561
819,SANTA JULIA CHARDONNAY 187 ML. ,7791728021547
821,SANTA JULIA MALBEC ORGANICO 750 ML.,7791728019155
822,SANTA JULIA CABERNET SAUVIGNON ORGANICO 750 ML.,7791728019162
823,SANTA JULIA CHARDONNAY ORGANICO 750 ML.,7791728019148
823E,BARRA CHALACA BLANCO 750ML,00200102594
824,SANTA JULIA CHARDONNAY 375 ML. ,7791728000610
825,SANTA JULIA CABERNET SAUVIGNON 750 ML.,7791728000146
826,ZUCCARDI Q CHARDONNAY 750 ML.,7791728001532
827,SANTA JULIA MERLOT 750 ML.,7791728000986
828,SANTA JULIA MERLOT RESERVA 750 ML.,7791728000818
829,SANTA JULIA SYRAH 750 ML.,7791728001013
830,SANTA JULIA SYRAH RESERVA 750 ML.,7791728017915
832,ZUCCARDI SERIE A CHARDONNAY 750 ML.,7791728004281
833,ZUCCARDI SERIE A MALBEC 750 ML.,7791728021301
834,SANTA JULIA MALBEC RESERVA 375 ML,7791728021448
835,ZUCCARDI ALUVIONAL LA CONSULTA 750 ML.,7791728005639
836,ZUCCARDI EMMA 750 ML.,7791728001730
837,ALAMBRADO MALBEC BY SANTA JULIA 750 ML.,7791728002690
839,SANTA JULIA CLASSIC CUVEE 187 ML.,7791728021080
842,ZUCCARDI TITO 750 ML.,7791728006742
845,ACEITE DE OLIVA GENOVESA EXTRA VIRGEN FAMILIA ZUCCARDI 500 ML.,7791728243239
847,ACEITE DE OLIVA ARAUCO EXTRA VIRGEN FAMILIA ZUCCARDI 500 ML,7791728234848
848,ZUCCARDI FINCA LOS MEMBRILLOS - LA CONSULTA 750 ML.,7791728008197
849,ZUCCARDI FINCA CANAL UCO PARAJE ALTAMIRA 750 ML.,7791728008296
850,ZUCCARDI ALUVIONAL PARAJE ALTAMIRA 750 ML.,7791728008104
851,SANTA JULIA SAUVIGNON BLANC 750 ML.,7791728000139
852,ZUCCARDI SERIE A MALBEC 375 ML. ,7791728022841
853,ZUCCARDI CONCRETO 750 ML.,7791728008845
854,ZUCCARDI MALAMADO VIOGNIER 500 ML.,7791728018868
860,ZUCCARDI POLIGONOS SAN PABLO MALBEC 750 ML.,7791728007732
861,ZUCCARDI POLIGONOS SAN PABLO CABERNET FRANC 750 ML.,7791728010978
862,ZUCCARDI POLIGONOS SAN PABLO VERDEJO 750 ML.,7791728234060
863,ZUCCARDI FINCA PIEDRA INFINITA PARAJE ALTAMIRA 750 ML.,7791728008289
864,JOSE ZUCCARDI MALBEC 750 ML.,7791728238983
865,ZUCCARDI FOSIL 750 ML.,7791728233162
866,SANTA JULIA TINTILLO 750 ML,7791728010534
870,SANTA JULIA A CIEGAS MALBEC 375 ML,7791728235807
874,ZUCCARDI Q CABERNET FRANC 750 ML.,7791728235999
881,SANTA JULIA CHENIN DULCE NATURAL 750 ML.,7791728000115
884,SANTA JULIA MALBEC DEL MERCADO 750 ML.,7791728010275
886,EPICO MALBEC RESERVA 750 ML.,7791728238358
887,EPICO MALBEC RESERVA 375 ML.,7791728240610
893,ZUCCARDI VALLES MALBEC 750 ML.,7791728237061
894,ZUCCARDI APELACION VISTA FLORES MALBEC 750 ML.,7791728008692
895,SANTA JULIA TINTILLO 269 ML (LATA),7791728239324
896,SANTA JULIA CHENIN DULCE NATURAL 355 ML (LATA),7791728237160
897,EPICO SAUVIGNON BLANC 750 ML.,7791728238921
898,EPICO MALBEC 750 ML.,7791728243529
899,ZUCCARDI FINCA PIEDRA INFINITA GRAVASCAL 2018 750ML. - 100 PUNTOS. ROBERT PARKER,7791728239102
904,MATETIC EQ SYRAH 750 ML.,815992010032
905,MATETIC EQ PINOT NOIR 750 ML.,815992010025
906,MATETIC EQ SAUVIGNON BLANC 750 ML.,815992010001
907,EQ CHARDONNAY 750ML - MATETIC,815992010018
909,EQ SAUVIGNON BLANC COASTAL 750 ML MATETIC,0815992010070
910,CORRALILLO SAUVIGNON BLANC 750 ML.,815992010100
911,CORRALILLO CHARDONNAY 750 ML.,815992010049
912,CORRALILLO SYRAH 750ML.,815992010056
913,CORRALILLO WINEMAKERS BLEND 750 ML.,815992010094
914,CORRALILLO CABERNET SAUVIGNON 750ML - MATETIC,815992010155
915,CORRALILLO RIESLING 750ML - MATETIC,815992010124
916,CORRALILLO GEWUTZTRAMINER 750ML - MATETIC,815992010087
917,CORRALILLO SAUVIGNON BLANC 375 ML MATETIC,815992010148
B1001,ARRAEZ CANALLAS BLANCO 750 ML.,8413513001525
B1002,ARRAEZ CANALLAS TINTO 750 ML.,8413513001532
B1003,ARRAEZ BALA PERDIDA TINTO 750 ML.,8413513001631
B1004,ARRAEZ MALA VIDA TINTO 750 ML.,8413513690699
B1005,ARRAEZ VIVIR SIN DORMIR TINTO 750 ML.,8413513500028
B1006,ARRAEZ VIVIDOR TINTO 750 ML.,8413513010299
B1007,ARRAEZ MALA VIDA BLANCO 750 ML.,8413513000092
B1009,ARRAEZ CAVA SUTRA 750 ML.,8413513122015
D2000,JOHNNIE WALKER ETIQUETA NEGRA 750 ML.  (SIN CAJA),5000267024011
D2113,GREY GOOSE VODKA 750 ML.,080480280024
D2117,CAPTAIN MORGAN RON ORIGINAL SPICED GOLD 700 ML,1160829223017
D2140,SMIRNOFF VODKA RED N°21 700 ML.,5410316519724
D2168,OLD PARR WHISKY 12 AÑOS 750 ML.,5000281003160
D2200,JOHNNIE WALKER SWING 750 ML.,5000267091013
D2201,JOHNNIE WALKER GOLD RESERVE 750 ML.,5000267107776
D2213,ABSOLUT VODKA RASPBERRY 700 ML,7312040350063
D2257,JOHNNIE WALKER BLUE LABEL 750 ML.,5000267114279
D2298,CHIVAS REGAL WHISKY 18 AÑOS GOLD SIGNATURE 700 ML.,5000299225004
D2307,JOHNNIE WALKER 18 AÑOS 750 ML.,5000267165806
D2309,TANQUERAY GIN ROYALE DARK BERRY 700 ML.,5000291026548
D2310,WHISKY VAT 69 700 ML.,5000292261115
D2335,HENNESSY COGNAC XO 700 ML.,3245990001218
D2336,HENNESSY COGNAC VERY SPECIAL 700 ML.,3245995960015
D2337,HENNESSY COGNAC V.S.O.P VERY SUPERIOR OLD PALE 700 ML,3245999484319
D2345,PACK DON JULIO TEQUILA BLANCO 750 ML. + VASO CATRINA,7750651003600
D3000,JOHNNIE WALKER ETIQUETA ROJA 750 ML. (SIN CAJA),5000267014005
D3005,BUCHANAN´S DELUXE 12 AÑOS 750 ML.,50196388
D4100,GORDON´S LONDON DRY GIN 750 ML.,5000289020701
D4800,ZACAPA RON SOLERA GRAN RESERVA 23 AÑOS 750 ML.,7401005008597
D4801,ZACAPA RON CENTENARIO XO 750 ML.,7401005008627
D8003,BAILEYS CREMA DE LICOR ORIGINAL IRISH CREAM 750 ML.,5011013100132
D8015,OLMECA TEQUILA REPOSADO 700 ML,080432404270
E0061,COPA BROCKMANS 620 ML.,8436536683257
E0062,PELADOR BROCKMANS BY VICTORINOX,7611160502025
EG2480,QUESO MANCHEGO DE OVEJA (MADURADO) 6 MESES DON LORENZO 150 GR. (ESPAÑA),8436025986227
EG2483,DON LORENZO QUESO MANCHEGO DE OVEJA (MADURADO) 3 MESES 150 GR. (ESPAÑA),8436025986234
G0032,MINAQ SOUR EXPRESS NATURAL LIME 120 GR.           ,7759547000013
G0033,MINAQ SOUR EXPRESS NATURAL CHAMOMILE 120 GR.      ,7759547000037
G0034,MINAQ SOUR EXPRESS NATURAL GRAPE 120 GR.          ,7759547000075
G0035,MINAQ SOUR EXPRESS NATURAL PASSION FRUIT 120 GR.  ,7759547000068
G0036,MINAQ PIÑA COLADA NATURAL PINEAPPLE 120 GR.       ,7759547000051
G0037,MINAQ DAIQUIRI NATURAL STRAWBERRY 120 GR.         ,7759547000020
G0038,MINAQ PERU MULE NATURAL GINGER 120 GR.,7759547000044
I0001,INTIPALKA MALBEC 750 ML,7758218000437
I0002,INTIPALKA SYRAH 750 ML,7758218000444
I0003,INTIPALKA SAUVIGNON BLANC 750 ML,7758218000413
I0004,INTIPALKA GRAN RESERVA N°1 750 ML,7758218000703
I0005,INTIPALKA PISCO QUEBRANTA 750 ML,7758218000864
I0006,INTIPALKA PISCO ACHOLADO 750 ML,7758218000871
I0020,SANTIAGO QUEIROLO GRAN BORGOÑA 750 ML,7758218195973
I0021,SANTIAGO QUEIROLO MAGDALENA 750 ML,7758218195980
I0022,SANTIAGO QUEIROLO MOSCATO 750 ML,7758218195966
I0023,SANTIAGO QUEIROLO ROSÉ 750 ML.,7758218195959
I0030,DON SANTIAGO PISCO MOSTO VERDE TORONTEL 500 ML,7758218000215
I0031,DON SANTIAGO PISCO MOSTO VERDE QUEBRANTA 500 ML,7758218000208
I0032,DON SANTIAGO PISCO MOSTO VERDE ITALIA 500 ML,7758218290005
I0033,INTIPALKA ROSÉ SYRAH 750 ML,7758218000758
I0034,INTIPALKA SAUVIGNON BLANC 375 ML (BOTELLA MEDIANA),7758218000604
I0035,INTIPALKA MALBEC 375 ML (BOTELLA MEDIANA),7758218000611
I0036,INTIPALKA SYRAH 375 ML (BOTELLA MEDIANA),7758218000741
I0037,INTIPALKA CHARDONNAY 750 ML,7758218000451
I0038,INTIPALKA RESERVA CABERNET SAUVIGNON - SYRAH 750 ML,7758218000468
I0039,INTIPALKA RESERVA CABERNET SAUVIGNON - PETIT VERDOT 750 ML,7758218000475
I0040,INTIPALKA RESERVA MALBEC-MERLOT 750 ML,7758218000482
I0041,INTIPALKA VALLE DEL SOL COSECHA TARDÍA 375 ML (BOTELLA MEDIANA),7758218000659
I0042,INTIPALKA PISCO QUEBRANTA 2 LITROS.,7758218000932
I0043,PISCO INTIPALKA ACHOLADO 2LTRS,7758218000956
I0044,INTIPALKA RESERVA DE LA FAMILIA MALBEC 750ML,7758218001687
I0045,INTIPALKA MOSCATEL DE ALEJANDRIA 750ML,7758218001397
I0046,INTIPALKA ESPUMANTE EXTRA - BRUT 750ML,7758218000697
I0047,INTIPALKA ESPUMANTE DEMI SEC 750ML,7758218001588
I0048,INTIPALKA PATRIMONIAL TORONTEL 750ML,7758218001809
I0049,INTIPALKA PATRIMONIAL QUEBRANTA 750ML,7758218001786
I0050,INTIPALKA PATRIMONIAL NEGRA CRIOLLA 750ML,7758218001793
I0052,MACERADO DE MANDARINA DON SANTIAGO 500ML,7758218001489
I0053,MACERADO DE PASAS DON SANTIAGO 500ML,7758218001465
I0054,PISCO ITALIA MOSTO VERDE 750ML - INTIPALKA,7758218000789
I0055,BRANDY QUEBRANTA 500ML - DON SANTIAGO,7758218000390
I0056,INTIPALKA RESERVA DE FAMILIA SAUVIGNON BLANC CHARDONNAY 750ML,7758218001816
I0057,PISCO ACHOLADO MOSTO VERDE 750ML - INTIPALKA,7758218000796
I0058,PISCO QUEBRANTA MOSTO VERDE 750ML - INTIPALKA,7758218000765
I0059,PISCO TORONTEL MOSTO VERDE 750ML - INTIPALKA,7758218000772
I0060,INTIPALKA TANNAT 750ML,7758218000420
I0061,PISCO PURO INTIPALKA ITALIA 750ML,7758218000888
I0062,INTIPALKA PATRIMONIAL ITALIA 750ML,7758218001878
L1221,LAVAZZA QUALITA ORO 100% ARABICA EN GRANO 250 GR.,8000070012219
L1247,LAVAZZA CAFE MOLIDO ESPRESSO ITALIANO CLASSICO 250 GR.,8000070012837
L170,REGALO: CAFETERA MOKA ITALIANA CLASSIC LAVAZZA,1121092410210924
L171,REGALO: CAFETERA MOKA ITALIANA POP LAVAZZA,8000409354157
L1903,LAVAZZA CAFE MOLIDO QUALITA ORO 250 GR.,8000070012783
L2140,TAZA AMERICANA AZUL - LAVAZZA,8000070921245
L2202,LAVAZZA CAFE ESPRESSO LA RESERVA DE TIERRA SELECTION EN GRANO 1 KG,8000070051423
L242,LAVAZZA CAPSULA BLUE GRAN ESPRESSO DARK ROAST ,8000070044395
L2490,LAVAZZA CAFE CREMA E AROMA EN GRANO 1 KG,8000070024908
L254,LAVAZZA CAPSULA BLUE GOLD SELECTION,8000070028296
L261,LAVAZZA CAPSULA BLUE DEK DESCAFFEINATO ,8000070028371
L261C10,CAFÉ BLUE DEK DESCAFEINADO CAPSULA - LAVAZZA - CAJA 10 UND,8000070053601
L2931,LAVAZZA CAFE OPERA INTENSO MOLIDO 340 GR,041953029311
L3431,LAVAZZA CAFE MOLIDO DESCAFEINADO DEK FILTRO 226 GR.,8000070029767
L3447,LAVAZZA CAFE IL FILTRO CLASSICO INTENSO MOLIDO 226 GR - DESCONTINUADO,8000070030190
L3449,LAVAZZA CAFE IL FILTRO CLASSICO INTENSO MOLIDO 1 KG,8000070030404
L3886,LAVAZZA CAFE MOLIDO CREMA E GUSTO CLASSICO 250 GR.,8000070038868
L509,LAVAZZA CAPSULA BLUE ESPRESSO INTENSO ,8000070026438
L5330,LAVAZZA CAFE INSTANTANEO PRONTISSIMO CLASICO LATA 95 GR,8000070052574
L5331,LAVAZZA CAFE INSTANTANEO PRONTISSIMO INTENSO LATA 95 GR,8000070052628
L7001,LAVAZZA CAPSULAS QUALITA ORO COMPATIBLE CON NESPRESSO X 10 UND.,8000070053465
L7006,LAVAZZA CAPSULAS ESPRESSO MAESTRO RISTRETTO COMPATIBLE CON NESPRESSO X 10 UND.,8000070053564
L7510,LAVAZZA CAFE CLASSICO MOLIDO 340 GR.,041953075066
L7511,LAVAZZA CAFE HOUSE BLEND PERFETTO MOLIDO 340 GR,041953075073
L7512,*NO USAR* LAVAZZA CAFE MOLIDO ITALIAN ROAST EXTRA DARK 340 GR,041953075080
L8102,LAVAZZA CAPSULAS DE CAFE ESPRESSO MAESTRO CLASSICO NESPRESSO®COMPATIBLE X 10 UND,8000070053625
L8103,LAVAZZA CAPSULAS ESPRESSO MAESTRO INTENSO COMPATIBLE CON NESPRESSO X 10 UND,8000070054271
L8109,LAVAZZA CAPSULAS MAESTRO DEK DESCAFEINADO COMPATIBLE CON NESPRESSO X 10 UND,8000070081093
L8112,LAVAZZA CAPSULAS ESPRESSO MAESTRO LUNGO COMPATIBLE CON NESPRESSO X 10 UND,8000070053571
L8113,LAVAZZA CAPSULAS QUALITA ROSSA COMPATIBLE CON NESPRESSO X 10 UND,8000070053526
L939,LAVAZZA CAPSULA BLUE LA RESERVA DE TIERRA SELECTION,8000070048768
LB900,CAFETERA DE CAPSULAS LAVAZZA BLUE CLASSY COMPACT,8000070019126
P029,PORTÓN PISCO MOSTO VERDE ACHOLADO 750 ML,7755321000026
P030,PORTÓN PISCO MOSTO VERDE QUEBRANTA 750 ML,7755321000118
P031,PORTÓN PISCO MOSTO VERDE TORONTEL 750 ML,7755321000125
P032,PORTÓN PISCO MOSTO VERDE ITALIA 750 ML,7755321000132
P055,CARTAVIO RON SOLERA 12 AÑOS 750 ML.,7751738570091
P056,CARTAVIO RON XO 18 AÑOS 750 ML.,7751738001496
P059,JOSE CUERVO TEQUILA ESPECIAL REPOSADO 750 ML.,7501035010109
P063,CHIVAS REGAL WHISKY XV AÑOS 700 ML.,5000299622049
P067,ZACAPA RON ÁMBAR 12 AÑOS 750 ML.,7401005010583
P068,BLACK WHISKEY 700 ML. (SIN LATA),7759160000087
P073,TANQUERAY GIN LONDON DRY 700 ML.,5000281015248
P074,TANQUERAY GIN SEVILLA 700 ML.,5000291023462
P075,TANQUERAY GIN TEN 750 ML.,5000291021925
P085,ABSOLUT VODKA MANDARIN 700 ML,7312040050758
P092,ANDEAN VODKA DON MICHAEL 700 ML,7759160000155
P093,ANDEAN WHISKEY CREAM DON MICHAEL 700 ML,7759160000094
P094,ANDEAN GIN DON MICHAEL 700 ML,7759160000186
P103,ANDEAN GIN DON MICHAEL 50 ML (MINIATURA),7759160000278
P105,ANDEAN VODKA DON MICHAEL 50 ML (MINIATURA),7759160000261
P107,CHIVAS ROYAL WHISKY SALUTE 21 AÑOS 700 ML,080432400524
P116,SINGLE BARREL BLACK WHISKEY 700 ML.,810098400206
P117,ANDEAN HONEY BLACK WHISKEY 700 ML.,7759160000162
P130,CARTAVIO RON GRAN SOLERA 15 AÑOS 750 ML.,7751738004152
P131,JOSE CUERVO TEQUILA ESPECIAL PLATA 750 ML.,7501035042322
P134,BEEFEATER GIN BLACKBERRY GIN 700 ML,5000299618394
T0022,BOLSA DE HIELO X 3 KG.,7755879000028
T0066,SALSA ROJA PERUANA 200GR - CASA VERDE,7750765004531
T0174,AGUA MINERAL SIN GAS ANDEA PET 600ML,7759267000034
T0175,AGUA MINERAL SIN GAS ANDEA VIDRIO 330 ML,7759267000010
T0176,AGUA MINERAL CON GAS ANDEA VIDRIO 330 ML,7759267000027
T0242,SACACORCHOS SOMMELIER DE LÁMINAS VACU VIN,8714793684058
T0310,TAPENADE DE PIMIENTO PIQUILLO 200GR - CASA VERDE,7750765004142
T0354,CHILLER LINDR KONTAKT 70/K NEW 2-TAPS GREEN LINE KCH01630,8594158052544
T0417,IDELITA COPA DE CRISTAL  460 ML,6930519500231
T0461,AGUA CON GAS 473ML - PANUTS.COM,7755879000004
TB001,BIANCA PISCO ACHOLADO 750 ML,7750399000015
TB002,BIANCA PISCO QUEBRANTA 750 ML.,7750399501819
TB005,BIANCA PISCO ACHOLADO 375 ML (BOTELLA MEDIANA),7750399000039
TB006,BIANCA PISCO QUEBRANTA 375 ML (BOTELLA MEDIANA),7750399000022
TG0058,CARBON VEGETAL CARBONAL 3KG,7756848000124
TG0060,CARBON VEGETAL 5KG ARIZONA,7759373102134
TG0091,CAPSULAS DE CAFE ITALIANO TOSTADO MOLIDO DE LUXE CAFFE MAURO COMPATIBLES CON DOLCE GUSTO 16 UN.,8002530121622
31026,SIX PACK FREE DAMM SIN ALCOHOL TOSTADA 250 ML. BOTELLA,8410793673848
31023,FREE DAMM SIN ALCOHOL TOSTADA 330 ML. LATA,8410793676139
R0004,MORGAN BAY CELLARS CABERNET SAUVIGNON 750ML,087712201369
5303,LOS VASCOS ROTHSCHILD LAFITE CROMAS CARMENERE GRAN RESERVA 750 ML.,7804360000488
2016,CAN SUMOI XAREL-LO 750ML - RAVENTOS I BLANC,8421478600257
6005,PETALOS DEL BIERZO - DESCENDIENTES DE J. PALACIOS 750ML,8436559741996
LB300,CAFETERA DE CAPSULAS LAVAZZA BLUE CLASSY MINI,8000070069299
P101,PASSPORT SCOTCH WHISKY 700 ML,5000299210413
P097,CHIVAS REGAL WHISKY 25 AÑOS 700 ML,5000299284926
P100,CHIVAS REGAL WHISKY ULTIS 700 ML,5000299611524
R0003,MORGAN BAY CELLARS ZINFANDEL 750ML,087712201376
P077,RON ARTESANAL MOGAMBO ORIGINAL DARK 700ML,7755879000288
P024,BEEFEATER GIN LONDON DRY 700 ML,5000329002193
D2324,FLOR DE CAÑA RON CENTENARIO 12 AÑOS 750 ML.,026964823967
P145,BOTRÁN RON AÑEJO ORO 5 AÑOS 700 ML.,7406293000889
D2291,THE LONDON N°1 GIN 700 ML,8410023023719
D2170,BACARDÍ RON RESERVA 8 AÑOS 750 ML.,080480505400
D2138,FLOR DE CAÑA RON CLASICO 5 AÑOS 750 ML.,026964334227
D2176,BARDINET TRIPLE SEC BLANCO,3012999150779
V0056,OCUCAJE PISCO GOTA ACHOLADO 700 ML.,7752933001281
D3018,PACK BUCHANAN´S DELUXE 12 AÑOS 750 ML. + 2 VASOS DE VIDRIO,7750651003709
D2339,TIO PEPE JEREZ FINO EN RAMA 750 ML.,8410023025669
P143,APPLETON ESTATE RON SIGNATURE 750 ML.,636191189400
P152,APPLETON ESTATE RON 12 AÑOS RARE CASK 750 ML.,636191210401
5857,PRIETO PARIENTE CONFINES GARNACHA 750 ML.,8437015142043
P135,BEEFEATER GIN 24 LONDON DRY 700 ML,5000299605004
124050,COPA CRISTAL VINO BLANCO MIO VINO SCHOTT ZWIESEL 300ML,646292774788
D2347,LA REPÚBLICA GINEBRA AMAZÓNICA ARTESANAL 700 ML.,7772115550079
P108,CHIVAS REGAL WHISKY MIZUNARA 700 ML,5000299601693
P109,OLMECA TEQUILA BLANCO 700 ML,080432402191
P110,GLENLIVET WHISKY CAPTAIN´S RESERVE 700 ML.,5000299621158
P111,BEEFEATER GIN BLOOD ORANGE 700 ML,5000299618264
P112,SEAGRAM´S EXTRA DRY GIN 700 ML,080432401231
P033,SANTA TERESA RON AÑEJO GRAN RESERVA 750 ML.,7591156404581
D2308,THE SINGLETON SINGLE MALT SCOTCH WHISKY 12 AÑOS 700 ML.,5000281021621
P159,ANÍS DEL MONO DULCE ( ROJO ) 1LT,8410337219020
P160,ANÍS DEL MONO SECO ( VERDE ) 1 lt.,8410337220026
P161,CENTENARIO 12 AÑOS GRAN LEGADO RON 750 ml.,7441001112430
P162,CENTENARIO 7 AÑOS AÑEJO ESPECIAL RON 750 ml.,7441001110900
P163,DE CAJÓN VODKA 750 ml.,712198263685
P164,APERITIVO PER SE 700ML,5600702555607
P165,MARQUÉS DE RISCAL RESERVA TINTO 750 ml.,8410866432839
P166,MILLONARIO KUYTCHI 7 AÑOS RON 750 ml.,8033749409324
V0024,JARABE DE GOMA VARGAS CHEVALIER 750 ML,7758645000130
D2318,GLENFIDDICH WHISKY 18 AÑOS 750 ML.,5010327324142
P095,RICARD PASTIS DE MARSEILLE APERITIVO DE ANÍS 700 ML,3163937011000
4408,CUENTA OVEJAS D.O. TORO,8437003818240
P115,LA HECHICERA RON EXTRA AÑEJO RESERVA FAMILIAR 700 ML,7707180703167
P106,MONKEY 47 DRY GIN 500 ML,42213277
P113,OLMECA TEQUILA ALTOS REPOSADO 700 ML,080432105528
P114,OLMECA TEQUILA ALTOS PLATA 700 ML,080432106037
1509,PORTO COLLECTOR RESERVA 750ML - RAMOS PINTO,769692005020
TB007,BARCELÓ RON DORADO AÑEJADO 750 ML.,7461323129077
TB008,BARCELÓ RON DARK GRAN AÑEJO 700 ML.,7461323129695
TB009,BARCELÓ RON AÑEJO 750 ML.,7461323129244
TB010,BARCELÓ RON GRAN AÑEJO 750 ML.,7461323129367
P124,PACK BALLANTINE´S FINEST WHISKY 750 ML + BALLANTINE´S FINEST WHISKY 200 ML,7702614041082
D2317,GLENFIDDICH WHISKY 15 AÑOS 750 ML.,5010327325125
I0051,MACERADO DE CIRUELAS DON SANTIAGO 500ML,7758218001472
L3598,LAVAZZA CAFE MOLIDO QUALITA ROSSA 250 GR.,8000070035980
L228,CAFETERA DE PRENSA LAVAZZA BY BODUM 1 LITRO,8000070046474
D2330,CATENA ZAPATA NICASIA VINEYARD MALBEC 750 ML.,7794450092717
D2332,BRAMARE ZINGARETTI MALBEC 750 ML.,7798145140462
D2333,BRAMARE LUJÁN DE CUYO MALBEC 750 ML.,7798145140110
D3015,AMARGO DE ANGOSTURA AROMATIC BITTERS 100ML,075496001008
D3016,AMARGO DE ANGOSTURA AROMATIC BITTERS 200ML,075496002005
5500,LA RIOJA ALTA VIÑA ARANA GRAN RESERVA 750ML,8413529121071
P119,RICCADONNA ASTI 750 ML,8000368219801
P120,RICCADONNA RUBY 750 ML,8000368588303
D2312,EL ENEMIGO MALBEC 750 ML.,7794450000972
D2313,EL ENEMIGO CABERNET FRANC 750 ML.,7794450003645
D2314,THE MACALLAN WHISKY TRIPLE CASK MATURED 12 AÑOS 700 ML.,5010314048907
D2203,PACK HENDRICK´S GIN 700 ML + ONCERA PREMIUM,5010327715704
P157,ABUELO 12 AÑOS RON 750 ml.,088291120355
P158,ABUELO 7 AÑOS RON 750 ml.,088291110356
T0345,IDELITA TUMBLER WHISKY DE CRISTAL 480 ML.,6930519501986
5620,PIONERO RESERVA CARMENERE 750ML,7804449000590
P123,LICOR 43 700 ML.,8410221110150
L3724,LAVAZZA CAFE IL FILTRO CLASS. INTENSE 226.8 GR,8000070074071
7300,VINO BLANCO VARIETAL BLANCO TORRONTES EL PORVENIR LABORUM 750ML,7798097230396
7301,VINO TINTO VARIETAL TINTO MALBEC EL PORVENIR LABORUM 750ML,7798097230228
7304,VINO TINTO VARIETAL TINTO MALBEC EL PORVENIR AMAUTA ABSOLUTO 750ML,7798097231065
T0441,DECANTADOR PARA VINO CON ASA 1800ML,6942178901786
L2847,LAVAZZA ESPRESSO ITALIANO AROMATICO EN GRANO 1 KG.,8000070038677
L3632,LAVAZZA QUALITA ROSSA EN GRANO 500 GR.,8000070036321
D2271,MONTES ALPHA CABERNET SAUVIGNON 750 ML.,715126000116
D2187,MOËT & CHANDON ROSÉ IMPÉRIAL 750 ML.,3185370074831
D3011,GLENMORANGIE WHISKY THE NECTAR D´OR 700 ML.,5010494951837
D3012,GLENMORANGIE WHISKY THE LASANTA 12 AÑOS 700 ML.,5010494917840
2727,PRINCIPI DI BUTERA DIAMANTI GRILLO 750 ML.,8002235027113
2728,PRINCIPI DI BUTERA AMÌRA NERO D´AVOLA 750 ML.,8002235017534
2729,PRINCIPI DI BUTERA BUTIRAH SYRAH 750 ML.,8002235022385
2730,ZONIN LIMONETO SPRITZ 750 ML.,8002235042901
P122,KAHLÚA LICOR DE CAFÉ ORIGINAL 750ML,7610594252223
P084,GLENLIVET WHISKY 12 AÑOS 700 ML.,080432402825
P086,ABSOLUT VODKA PEARS 700 ML,7312040551668
P087,ABSOLUT VODKA LIME 700 ML,7312040551675
P146,BOTRÁN RON AÑEJO SOLERA 8 AÑOS 750 ML.,7401005007972
P147,BOTRÁN RON AÑEJO SOLERA 12 AÑOS 750 ML.,7401005008047
P148,BOTRÁN RON AÑEJO RESERVA 15 AÑOS 750 ML.,7401005008115
P149,BOTRÁN RON AÑEJO RESERVA 18 AÑOS 750 ML.,7401005013140
D2053,AMARGO DE ANGOSTURA ORANGE 100ML,075496331075
D2118,BARDINET BLUE CURACAO 700ML,3012992702005
D2051,VERMOUTH MARTINI ROSSO 750ML,5010677914000
P082,GLENLIVET WHISKY 15 AÑOS 700 ML.,5000299295021
P083,GLENLIVET WHISKY FOUNDER´S RESERVE 700 ML.,5000299609347
4410,LA BARONESA DE FILAR (ESTUCHE),8437003818059
2850,CANCILLER MALBEC 750ML,7790314000232
5502,LA RIOJA ALTA VIÑA ALBERDI RESERVA 750ML,8413529851039
D2354,THE MACALLAN WHISKY DOUBLE CASK 12 AÑOS 700 ML.,5010314302863
D2355,THE MACALLAN WHISKY DOUBLE CASK 15 AÑOS 700 ML.,5010314308469
D2356,CASILLERO DEL DIABLO MALBEC RESERVA 750 ML.,7804320510187
D2357,CASILLERO DEL DIABLO MERLOT RESERVA 750 ML.,7804320985633
D2358,CASILLERO DEL DIABLO CARMENERE RESERVA 750 ML.,7804320087016
D2360,CASILLERO DEL DIABLO SAUVIGNON BLANC RESERVA 750 ML.,7804320301174
D2361,CASILLERO DEL DIABLO ROSE RESERVA 750 ML.,7804320131344
D2362,CASILLERO DEL DIABLO DEVIL´S CARNAVAL FABULOUS RED 750 ML.,7804320760117
D2346,JOHNNIE WALKER KING GEORGE 700 ML.,5000267106151
6006,ALVARO PALACIOS L´ERMITA 750ML.,8429073024539
D3014,GLENMORANGIE WHISKY THE ORIGINAL 10 AÑOS 700 ML,5010494560282
D2315,THE MACALLAN WHISKY SHERRY OAK CASK 12 AÑOS 700 ML.,5010314017408
D2216,PACK JOHNNIE WALKER ETIQUETA NEGRA 750 ML. + TERMO EDICIÓN LIMITADA,7750651003570
D2288,PATRÓN TEQUILA SILVER BLANCO 700 ML.,721733005888
D2352,DIPLOMÁTICO RON MANTUANO EXTRA AÑEJO 700 ML.,5099873027189
D2353,DIPLOMÁTICO RON SELECCIÓN DE FAMILIA 700 ML.,5099873027349
D2348,LA REPÚBLICA GINEBRA ANDINA ARTESANAL 700 ML.,7772115550062
D2349,MANDATARIO RON XO 700 ML.,7759066000013
D2350,MANDATARIO RON SOLERA 12 AÑOS 700 ML.,7759066000020
D2351,MANDATARIO RON 6 AÑOS RESERVA ESPECIAL 700 ML.,7759066000037
L1336,LAVAZZA QUALITA ORO 100% ARABICA MOUNTAIN GROWN EN GRANO 250 GR.,8000070030060
L3178,LAVAZZA CAFE MOLIDO ESPRESSO BARISTA INTENSO 250 GR.,8000070014602
5507,LA RIOJA ALTA ASTER EL ESPINO 750ML,8413529181204
5509,LA RIOJA ALTA PAZO DE SEOANE 750ML,8413529921053
D2234,MONTES PURPLE ANGEL 750 ML.,715126272001
D2236,MONTES ALPHA M BLEND 750 ML.,7750390104798
D2258,MONTES FOLLY SYRAH 750 ML.,7750390000014
L1225,LAVAZZA ESPRESSO BARISTA PERFETTO 100% ARABICA EN GRANO 500 GR.,8000070046443
L2799,LAVAZZA ESPRESSO ITALIANO CREMOSO EN GRANO 1 KG.,8000070027336
P127,JIM BEAM WHITE STRAIGHT BOURBON WHISKEY 750 ML.,080686025351
P128,JIM BEAM BLACK EXTRA AGED BOURBON WHISKEY 750 ML,080686034407
P129,RICCADONNA RUBY 200 ML. (BOTELLA PEQUEÑA),8000368212208
D2338,TIO PEPE JEREZ PALOMINO FINO 750 ML.,8410023000031
D2340,MARTIN MILLER´S GIN 700 ML.,698929000395
D2341,DRAMBUIE LICOR DE WHISKY 750 ML.,5010391100758
D2342,HERRADURA TEQUILA AÑEJO 750 ML,744607111331
D2343,HERRADURA TEQUILA REPOSADO 750 ML.,744607111324
D2344,DON JULIO TEQUILA BLANCO 750 ML.,674545000841
P136,ANTAGONIC GIN RUBY 750 ML.,7751738004688
P137,1800 TEQUILA REPOSADO 750 ML.,7501035010192
P139,THE KRAKEN RON BLACK SPICED 750 ML.,7501035047204
P140,CINZANO VERMOUTH BLANCO 750 ML.,8000020000365
P141,BULLDOG GIN LONDON DRY 750 ML.,897076002003
P142,RICCADONNA PROSECCO 750 ML.,8000368202605
P144,SKYY VODKA 750 ML.,721059007504
P150,APPLETON ESTATE RON 21 AÑOS 750 ML.,636191054401
P151,APPLETON ESTATE RON BLEND 8 AÑOS 750 ML.,636191207401
P153,OLD SMUGGLER BLENDED WHISKY 750 ML.,7798131200668
P155,THE GLEN GRANT WHISKY 10 AÑOS 700 ML.,080432402979
8013,VINO MAS TINTO CARMENERE 750ML,7804600779693
D2363,CASILLERO DEL DIABLO DEVIL´S CARNAVAL CARNAVAL FANTASTIC SWEET 750 ML.,7804320760131
D2328,CATENA APPELLATION LA CONSULTA MALBEC 750 ML.,7794450004314
5621,PIONERO RESERVA CHARDONNAY 750ML,7804449104045
B1010,LOS ARRAEZ PARCELA CERO 750 ML.,8413513001518
B1011,LOS ARRAEZ LAGARES 750 ML.,8413513001501
B1012,LOS ARRAEZ VERDIL 750 ML.,8413513001495
P121,ANDEAN GIN ARÁNDANOS DON MICHAEL 700 ML,7759160000360
T0452,IDELITA COPA DE CRISTAL BEAUJOLAIS 540 ML,6930519501269
T0453,IDELITA COPA DE CRISTAL CHARDONNAY 430 ML,6930519501092
T0455,IDELITA VASO LONG DRINK DE CRISTAL 550 ML.,6930519501955
P133,SANTA TERESA RON EXTRA AÑEJO LINAJE 750 ML.,7591156404598
D2101,BACARDÍ RON AÑEJO CARTA SELECTA 750 ML.,7610113025123
D2183,HENDRICK´S GIN FLORA ADORA 700 ML.,5010327705866
D2196,BOMBAY SAPHIRE GIN 700 ML.,7640175740047
2117,FINCA LA ZULEMA SAUVIGNON BLANC 750ML,7798108254540
717,ESCUDO ROJO GRAN RESERVA CARMENERE 750ML,7804462001031
719,ESCUDO ROJO GRAN RESERVA SAUVIGNON BLANC 750ML,7804462001512
V0057,OCUCAJE PISCO GOTA ITALIA 700 ML.,7752933001298
5852,JOSE PARIENTE FERMENTADO 750ML,8437009098172
5853,JOSE PARIENTE CUVEE ESPECIAL 750ML,8437015142029
5854,APASIONADO DE JOSE PARIENTE 500ML,8437009098578
5855,PRIETO PARIENTE VIÑEDOS DE LA PROVINCIA 750 ML.,8437015142050
2100029,STÖLZLE LAUSITZ COPAS DE CRISTAL GRAND CUVEE CHAMPAGNE 285 ML.,4012632135186
3500022,STÖLZLE LAUSITZ VASOS NEW YORK HIGHBALL 450 ML.,4012632115492
1014,EPICO TEMPRANILLO MALBEC 750 ML.,7791728003956
2902,PRIMER BRUT RESERVA 750 ML - PERE VENTURA,8426998208754
110496,COPA VIÑA BORDEAUX - SCHOTT,4001836005272
110499,COPA VIÑA BURGUNDY GOBLET 24.7 OZ - SCHOTT,646292297638
1501,LOUIS ROEDERER CRISTAL BRUT 750ML - LOUIS ROEDERER,3114080721551
1506,LOUIS ROEDERER BRUT ROSE 750 ML-LOUIS ROEDERER,3114080601754
D2364,CASILLERO DEL DIABLO RED BLEND RESERVA 750 ML.,7804320746555
P005,ABSOLUT VODKA ORIGINAL 700 ML,7312040017683
V0051,OCUCAJE PISCO MOSTO VERDE ITALIA 125 AÑOS 700 ML.,7752933002707
V0052,OCUCAJE PISCO MOSTO VERDE QUEBRANTA 125 AÑOS 700 ML.,7752933002691
V0053,OCUCAJE PISCO ACHOLADO 125 AÑOS 700 ML.,7752933002721
V0054,OCUCAJE PISCO ITALIA 125 AÑOS 700 ML.,7752933002738
V0055,OCUCAJE PISCO QUEBRANTA 125 AÑOS 700 ML.,7752933002714
110458,COPA VIÑA BORGOÑA BURGUNDY  (BLANCO) - SCHOTT,4001836005234
D2365,EL ENEMIGO CHARDONNAY 750 ML.,7794450003096
D2366,MEDELLÍN RON AÑEJO 8 AÑOS 750 ML.,7702049100651
D2367,MEDELLÍN RON AÑEJO 12 AÑOS 750 ML.,7702049100668
D2204,JACK DANIEL´S OLD N°7 TENNESSEE WHISKEY 750 ML.,082184090466
D2105,LICOR CAMPARI BITTER  750 ML,8000040002509
D2205,CHANDON ARGENTINO BRUT NATURE 750 ML.,7790975198699
D2304,JÄGERMEISTER LICOR DE HIERBAS 700 ML.,4067700015327
D2132,VIÑAS DE ORO PISCO QUEBRANTA SILVER 700 ML.,7751171000001
V0050,OCUCAJE PISCO MOSTO VERDE ACHOLADO 125 AÑOS 700 ML.,7752933002684
P004,SOMETHING SPECIAL WHISKY 750 ML,080432402795
P010,BALLANTINE´S FINEST WHISKY ESCOCÉS 750 ML,5010106113127
D2121,VIÑAS DE ORO PISCO ITALIA PISCO SILVER 700 ML.,7751171001480
D2122,VIÑAS DE ORO PISCO MOSTO VERDE ACHOLADO GOLD 700 ML.,7751171001558
111234,MARGARITA BAR SPECIAL SHOTT,4001836010856
D1400,JOHNNIE WALKER GREEN LABEL 750 ML.,5000267134338
1601,JEREZ CREAM TRADICION 750ML,8437004390189
1603,JEREZ OLOROSO TRADICION 750ML,8437004390028
D2211,BELVEDERE VODKA 700 ML.,087116069688
D2300,FLOR DE CAÑA RON GRAN RESERVA 7 AÑOS 750 ML.,026964852745
D8011,PATRÓN TEQUILA AÑEJO 700 ML.,721733005901
D2233,DIPLOMÁTICO RON RESERVA EXCLUSIVA 700 ML.,5099873027264
D2135,COINTREAU 750ML - VARIOS,3035542002004
D2161,CINZANO VERMOUTH ROSSO 750 ML.,8000020000372
D2163,CINZANO VERMOUTH EXTRA DRY 750 ML.,8000020000389
D2164,HENDRICK´S GIN 700 ML,5010327755014
D2167,BACARDÍ RON CARTA ORO SUPERIOR 700 ML.,7610113025024
D2169,BACARDÍ RON CARTA BLANCA 700 ML.,7610113024362
D2180,CATENA MALBEC 750 ML.,7794450008053
D2186,DON JULIO TEQUILA REPOSADO 750 ML.,674545000858
D2189,MOËT & CHANDON IMPÉRIAL BRUT 750 ML.,3185370729960
D2265,CHANDON ARGENTINO EXTRA BRUT 750 ML.,7790975000183
D2266,CHANDON ARGENTINO BRUT  ROSÉ 750 ML.,7790975001340
D2279,LICOR GRAND MARNIER ROJO 700 ML,3018300000245
D2290,FELINO MALBEC 750 ML.,7798145140172
D3010,DON MELCHOR CABERNET SAUVIGNON 750 ML.,7804320758381
P001,CHIVAS REGAL WHISKY 12 AÑOS 700 ML,080432402931
D2112,VIÑAS DE ORO PISCO MOSTO VERDE ITALIA GOLD 700 ML.,7751171001541
D2126,AMARGO DE ANGOSTURA CHUNCHO 75ML - VARIOS,7758369411915
D2143,VIÑAS DE ORO PISCO MOSTO VERDE QUEBRANTA GOLD 700 ML.,7751171001534
D2123,VIÑAS DE ORO PISCO ACHOLADO QUEBRANTA ITALIA SILVER 700 ML..,7751171001510
D2214,CASILLERO DEL DIABLO CABERNET SAUVIGNON RESERVA 750 ML.,7804320303178
D2217,VEUVE CLICQUOT YELLOW LABEL BRUT 750 ML.,3049614222245
882,SANTA JULIA MALBEC CABERNET FRANC RESERVA 750 ML.,7791728008128
P053,MALIBU RON ORIGINAL 750 ML,7891050004734
V0058,OCUCAJE PISCO GOTA QUEBRANTA 700 ML.,7752933001304
V0059,OCUCAJE PISCO PURO QUEBRANTA HUACO COLOR 700 ML.,7752933228800
V0060,OCUCAJE PISCO PURO QUEBRANTA HUACO NEGRO 700 ML.,7752933000109
D2270,APEROL APERITIVO 750 ML,721059001311
816E,ZUCCARDI Q CABERNET FRANC 1500 ML.,7791728244885
817E,ZUCCARDI CONCRETO 1500 ML. AÑADA 2016,7791728237542
T0173,CAFETERA FRANCESA PISTON 1000,6007782931175
P025,HAVANA CLUB RON 7 AÑOS 700 ML,8501110080439
P023,BEEFEATER GIN PINK 700 ML,5000299618073
P027,HAVANA CLUB RON AÑEJO ESPECIAL 700 ML,8501110086196
P028,HAVANA CLUB RON SELECCIÓN DE MAESTROS 700 ML,8501110089852
D2325,FLOR DE CAÑA RON CENTENARIO 18 AÑOS 750 ML.,026964500233
D2326,FLOR DE CAÑA RON 25 AÑOS 750 ML.,026964854527
P057,ANTAGONIC GIN 750 ML.,7751738002424
X0001,CACHACA SIXTY ONE 1 LITRO,7896547500355
X0002,GIN XORIGUER MAHON 700ML,8411038010015
P076,CIROC VODKA 750ML,088076161863
P118,ANDEAN RUM DON MICHAEL 700 ML.,7759160000223
E0037,VASO CERVECERO SCHÖFFERHOFER GRAPEFRUIT 300 ML.,4053400012780
R0006,MORGAN BAY CELLARS ZINFANDEL ROSÉ  750ML,087712201345
888,SANTA JULIA FLORES NEGRAS PINOT NOIR 750 ML.,7791728234626
890,TENSION LA RIBERA CABERNET SAUVIGNON CABERNET FRANC 750ML - SANTA JULIA,7791728234541
2015,CAN SUMOI GARNATXA SUMOLL 750ML- RAVENTOS I BLANC,8421478960061
T0416,IDELITA COPA DE CRISTAL 660 ML,6930519500217
D2319,GLENFIDDICH WHISKY GRAN RESERVA 21 AÑOS 750 ML.,5010327324081
D2320,GLENFIDDICH WHISKY GRAND CRU 23 AÑOS 750 ML.,5010327015859
D2321,MONKEY SHOULDER WHISKY THE ORIGINAL 700 ML.,5010327105215
889,SANTA JULIA FLORES BLANCAS VIOGNIER 750 ML.,7791728238037
891,TENSION LA RIBERA MALBEC PETIT VERDOT 750ML - SANTA JULIA,7791728234527
P171,PROTOS 5° AÑO RESERVA 750ML,8420342001022
P172,PROTOS ROBLE 750 ml.,8420342002012
P174,ST. GERMAIN LICOR 700 ml.,5014271796161
P175,STOLICHNAYA VODKA 750 ml.,4750021000157
P176,WILD TURKEY WHISKY 750 ml.,721059847506
P177,LICOR BEIRAO 700ML,5602042100707
P081,JAMESON WHISKY 750 ML,5011007003005
D2316,GLENFIDDICH WHISKY 12 AÑOS 750 ML.,5010327000176
D2322,JACK DANIEL´S WHISKEY FIRE 750 ML.,082184001172
D2323,JACK DANIEL´S GENTLEMAN JACK WHISKEY 750 ML.,082184038727
P169,PRAVDA VODKA 750 ml.,084380422041
P179,JOSE CUERVO TEQUILA RESERVA DE LA FAMILIA 750 ML.,7501035010802
7200,OLE SMOKY TENNESSEE MOUNTAIN MADE BLENDED WHISKEY 750 ML.,854628006124
P026,HAVANA CLUB RON AÑEJO RESERVA 700 ML,8501110080644
D2215,CABALLO LOCO GRAND CRU APALTA BLEND 750ML,7802180001937
D2108,FLOR DE CAÑA RON ORO 4 AÑOS 750ML,026964177190
D2173,FLOR DE CAÑA RON EXTRA SECO 4 AÑOS BLANCO 750ML,026964904291
T0478,ET TAGLIATELLE CON TRUFAS,8051128871470
T0476,ET ACEITE DE OLIVA Y TRUFA NEGRA 250ML,8051128870510
D2372,JACK DANIELS SINGLE BARREL WHISKY 750ML,082184087008
D2373,DIPLOMÁTICO PLANAS RON 750ML,5099873027257
D2374,BACARDÍ LIMÓN RON 750ML,7501008616130
R0008,MORGAN BAY MERLOT 750ML,087712201383
D2371,CABALLO LOCO GRAND CRU SAGRADA FAMILIA BLEND 750ml,7802180002637
D2376,CABALLO LOCO GRAND CRU MAIPO ANDES BLEND 750ml,7802180001944
P181,1800 TEQUILA MILENIO EXTRA AÑEJO 700 ML.,7501035013476
P182,AMAZONIAN GIN COMPANY 41% 700ML,7756936000067
P183,AMAZONIAN VODKA 40% 700ML,7756936000166
P184,GIN´CA GIN 40% 700ML,7756936000012
P185,GIN´CA GIN BERRIES EDITION 700ML,7756936000074
L3197,LAVAZZA CAPSULA BLUE CANAL GRANDE,8000070074583
P187,CHIVAS REGAL BOURBON EXTRA 13 AÑOS 700 ML,5000299626993
P178,JOSE CUERVO TRADICIONAL TEQUILA REPOSADO 695 ML.,7501035012028
P180,1800 TEQUILA CRISTALINO 750 ML.,7501035013483
D2368,JIMADOR BLANCO TEQUILA 750ML,744607002301
D2369,JIMADOR REPOSADO TEQUILA 750ML,744607002295
T0001,RED BULL ENERGY DRINK 250 ML,9002490100070
P132,PACK WHISKY SOMETHING SPECIAL 750 ML + SOMETHING SPECIAL 200 ML,7754154000005
P088,CHIVAS REGAL WHISKY EXTRA 13 AÑOS 700 ML,5000299611104
P156,VODKA ABSOLUT AZUL 1 LT,7312040017034
D2050,VERMOUTH MARTINI EXTRA DRY 750 ML,5010677934008
D2160,JACK DANIEL´S TENNESSEE HONEY 750 ML.,082184000335
P186,HAVANA CLUB RON ESPECIAL 3 AÑOS BLANCO 700 ML,8501110088831
D2125,JARABE DE GOMA VARGAS 750ML,7759192176033
P138,1800 TEQUILA BLANCO 750 ML.,7501035013230
Total general,,
